[
{"title": "N/A", "location": "N/A", "description": "N/A", "experience": "Experience details not available", "link": "N/A"},
{"title": "N/A", "location": "N/A", "description": "N/A", "experience": "Experience details not available", "link": "N/A"},
{"title": "N/A", "location": "N/A", "description": "N/A", "experience": "Experience details not available", "link": "N/A"},
{"title": "N/A", "location": "N/A", "description": "N/A", "experience": "Experience details not available", "link": "N/A"},
{"title": "N/A", "location": "N/A", "description": "N/A", "experience": "Experience details not available", "link": "N/A"},
{"title": "N/A", "location": "N/A", "description": "N/A", "experience": "Experience details not available", "link": "N/A"},
{"title": "N/A", "location": "N/A", "description": "N/A", "experience": "Experience details not available", "link": "N/A"},
{"title": "N/A", "location": "N/A", "description": "N/A", "experience": "Experience details not available", "link": "N/A"},
{"title": "N/A", "location": "N/A", "description": "N/A", "experience": "Experience details not available", "link": "N/A"},
{"title": "N/A", "location": "N/A", "description": "N/A", "experience": "Experience details not available", "link": "N/A"},
{"title": "N/A", "location": "N/A", "description": "N/A", "experience": "Experience details not available", "link": "N/A"},
{"title": "N/A", "location": "N/A", "description": "N/A", "experience": "Experience details not available", "link": "N/A"}
]